{"cameraMode":{"drawMode":0,"name":"Shaded","section":"Shading Mode"},"sceneLighting":true,"audioPlay":false,"sceneViewState":{"m_AlwaysRefresh":false,"showFog":true,"showSkybox":true,"showFlares":true,"showImageEffects":true,"showParticleSystems":true,"showVisualEffectGraphs":true,"m_FxEnabled":true},"in2DMode":false,"pivot":{"x":-2.2992701530456545,"y":2.1178433895111086,"z":-0.14741337299346925},"rotation":{"x":0.004426553845405579,"y":0.17991159856319428,"z":-0.0008096183300949633,"w":0.9836735129356384},"size":1.050163984298706,"orthographic":false}